{"stats":{"minecraft:dropped":{"simplefarming:soybean_seeds":1,"minecraft:wheat_seeds":5,"simplefarming:rye_seeds":1,"minecraft:white_wool":1},"minecraft:mined":{"minecraft:grass":27,"biomesoplenty:bush":1,"minecraft:grass_block":4,"minecraft:dirt":1,"minecraft:tall_grass":1},"minecraft:custom":{"minecraft:time_since_rest":12087,"minecraft:damage_taken":685,"minecraft:crouch_one_cm":401,"minecraft:play_time":23757,"minecraft:sprint_one_cm":58382,"minecraft:deaths":2,"minecraft:walk_one_cm":27340,"minecraft:sneak_time":132,"minecraft:walk_under_water_one_cm":143,"minecraft:mob_kills":1,"minecraft:drop":8,"minecraft:jump":378,"minecraft:damage_dealt":151,"minecraft:leave_game":4,"minecraft:time_since_death":12197,"minecraft:walk_on_water_one_cm":326,"minecraft:total_world_time":23757,"minecraft:swim_one_cm":694,"minecraft:fall_one_cm":10344,"minecraft:fly_one_cm":79541},"minecraft:used":{"simplefarming:strawberries":1,"minecraft:dirt":5,"tombstone:gift":1,"minecraft:egg":1},"minecraft:killed":{"minecraft:sheep":1},"minecraft:killed_by":{"minecraft:spider":1,"minecraft:zombie":1},"minecraft:picked_up":{"simplefarming:soybean_seeds":1,"minecraft:wheat_seeds":5,"simplefarming:strawberries":1,"simplefarming:rye_seeds":1,"minecraft:mutton":1,"minecraft:white_wool":2,"minecraft:dirt":5,"minecraft:egg":1}},"DataVersion":3465}