{"stats":{"minecraft:mined":{"minecraft:grass_block":4,"minecraft:dirt":1},"minecraft:custom":{"minecraft:jump":55,"minecraft:time_since_rest":2810,"minecraft:leave_game":1,"minecraft:sprint_one_cm":4089,"minecraft:play_time":2810,"minecraft:damage_taken":30,"minecraft:time_since_death":2810,"minecraft:walk_one_cm":3199,"minecraft:total_world_time":2810,"minecraft:drop":2,"minecraft:fall_one_cm":1674,"minecraft:fly_one_cm":6913},"minecraft:picked_up":{"minecraft:wheat_seeds":2,"minecraft:dirt":5},"minecraft:used":{"minecraft:dirt":5},"minecraft:dropped":{"minecraft:wheat_seeds":2}},"DataVersion":3465}