{"stats":{"minecraft:mined":{"minecraft:grass":17,"biomesoplenty:bush":1,"minecraft:grass_block":4,"minecraft:dirt":1,"minecraft:tall_grass":1},"minecraft:used":{"simplefarming:strawberries":1,"minecraft:dirt":5,"tombstone:gift":1,"minecraft:egg":1},"minecraft:picked_up":{"simplefarming:soybean_seeds":1,"minecraft:wheat_seeds":4,"simplefarming:strawberries":1,"minecraft:dirt":5,"minecraft:egg":1},"minecraft:killed_by":{"minecraft:spider":1,"minecraft:zombie":1},"minecraft:custom":{"minecraft:time_since_rest":9235,"minecraft:crouch_one_cm":401,"minecraft:sprint_one_cm":53784,"minecraft:play_time":20905,"minecraft:walk_one_cm":23353,"minecraft:damage_taken":685,"minecraft:deaths":2,"minecraft:sneak_time":132,"minecraft:walk_under_water_one_cm":143,"minecraft:drop":5,"minecraft:jump":328,"minecraft:damage_dealt":71,"minecraft:leave_game":3,"minecraft:walk_on_water_one_cm":326,"minecraft:time_since_death":9345,"minecraft:total_world_time":20905,"minecraft:swim_one_cm":694,"minecraft:fall_one_cm":9030,"minecraft:fly_one_cm":71955},"minecraft:dropped":{"simplefarming:soybean_seeds":1,"minecraft:wheat_seeds":4}},"DataVersion":3465}