{"stats":{"minecraft:picked_up":{"minecraft:wheat_seeds":2,"minecraft:dirt":5},"minecraft:used":{"minecraft:dirt":5},"minecraft:custom":{"minecraft:jump":98,"minecraft:time_since_rest":6255,"minecraft:damage_dealt":43,"minecraft:leave_game":2,"minecraft:play_time":6255,"minecraft:sprint_one_cm":11608,"minecraft:damage_taken":120,"minecraft:time_since_death":6255,"minecraft:walk_one_cm":6683,"minecraft:total_world_time":6255,"minecraft:fall_one_cm":2510,"minecraft:drop":2,"minecraft:fly_one_cm":17535},"minecraft:dropped":{"minecraft:wheat_seeds":2},"minecraft:mined":{"minecraft:grass":1,"minecraft:grass_block":4,"minecraft:dirt":1}},"DataVersion":3465}